{
  "metrics": [
    {
      "name": "FractionalDelay_CPU",
      "time_ms": 10231.086000,
      "call_count": 1,
      "min_time_ms": 10231.086000,
      "max_time_ms": 10231.086000,
      "avg_time_ms": 10231.086000
    }
  ],
  "total_time_ms": 10231.086000
}
